	Hairpin	Distance_PRE	PRE	score_kf19	PcG_pval	trxG_pval	trxG_core_pval	PcG_complex	PcG_genes	trxG_complex	trxG_genes
dme-let-7-3p	dme-let-7	3334.0	2L:18468151..18468700	0.805	0.11475045349669682	0.06488726624837353	0.14511562915975462	PRC1, PRC2, PhoRC, dRAF, PR-DUB	"Pc [-0.299] ,
 Su(z)2 [-0.067] ,
 Jing [-0.391] ,
 dSfmbt [-0.681] ,
 Asx [-0.352] ,
 Calypso [-0.012]"	COMPASS-SET1, COMPASS-TRX, COMPASS-TRR, BAP, PBAP, KIS	"Wds [-0.086] ,
 Dpy-30L1 [-1.761] ,
 Hcf [-0.006] ,
 Trr [-0.429] ,
 brm [-0.363] ,
 osa [-0.022] ,
 e(y)3 [-0.000] ,
 Kis [-0.494]"
dme-miR-10-5p	dme-mir-10	897.0	3R:6810479..6811128	0.9	0.22193882736548343	0.278418617511138	0.09546472553670643	PRC2	Su(z)12 [-0.096]	TAC1, COMPASS-TRX	trx [-0.158]
dme-miR-1000-3p	dme-mir-1000	471.0	3R:25589429..25590028	0.835	0.13834615978345216	0.5132937702790026	0.4172952361863171	PRC1, PRC2, PhoRC, dRAF	"Su(z)2 [-0.835] ,
 Scm [-0.148] ,
 Su(z)12 [-0.314]"	COMPASS-TRX, ASH1	"Mnn1 [-0.774] ,
 fs(1)h [-0.250]"
dme-miR-1000-5p	dme-mir-1000	471.0	3R:25589429..25590028	0.835	0.07946866964796057	0.38499688288169787	0.7436837004760991	PRC1, PRC2, PhoRC, dRAF	"Su(z)2 [-0.229] ,
 Scm [-0.231] ,
 Escl [-0.458] ,
 Pcl [-0.147] ,
 Jarid2 [-0.607] ,
 Phol [-0.208]"	TAC1, COMPASS-SET1, COMPASS-TRX, BAP	"nej [-0.270] ,
 Hcf [-0.086] ,
 Cfp1 [-0.636] ,
 Mnn1 [-0.207] ,
 osa [-0.374]"
dme-miR-1002-5p	dme-mir-1002	7797.0	2L:13738751..13739900	0.87	0.014656853760881636	0.13393250495185824	0.044154413877811625	PRC1, PRC2, dRAF, PR-DUB	"Pc [-0.081] ,
 Su(z)2 [-0.064] ,
 Ph-p [-0.292] ,
 Su(z)12 [-0.180] ,
 Jing [-0.017] ,
 Asx [-0.107]"	COMPASS-TRX, ASH1, BAP, PBAP	"Mnn1 [-0.340] ,
 fs(1)h [-0.052] ,
 brm [-0.000] ,
 osa [-0.549] ,
 e(y)3 [-0.211]"
dme-miR-1004-5p	dme-mir-1004	35830.0	2L:3803451..3804200	0.85	0.7116953035485017	0.06803619081261761	0.0796891130300183	PRC1	Pc [-0.139]	COMPASS-SET1, COMPASS-TRX, COMPASS-TRR, ASH1	"Wds [-0.208] ,
 Hcf [-0.002] ,
 Ash1 [-0.428] ,
 fs(1)h [-0.230]"
dme-miR-1008-5p	dme-mir-1008	23213.0	2R:10908746..10909495	0.85	0.0022041331386272543	0.005357630127248124	0.014985669946362615	PRC1, PRC2, PhoRC, dRAF, PR-DUB	"Pc [-1.695] ,
 Psc [-0.254] ,
 Su(z)2 [-1.865] ,
 Sce [-1.214] ,
 Scm [-1.451] ,
 Su(z)12 [-0.287] ,
 Escl [-1.654] ,
 Jarid2 [-1.177] ,
 Jing [-0.187] ,
 Pho [-0.012] ,
 dSfmbt [-0.003] ,
 Kdm2 [-1.446] ,
 Asx [-0.264]"	TAC1, COMPASS-SET1, COMPASS-TRX, COMPASS-TRR, ASH1, BAP, PBAP, KIS	"nej [-1.264] ,
 Wds [-0.147] ,
 Hcf [-0.054] ,
 Mnn1 [-3.868] ,
 Trr [-0.231] ,
 Ash1 [-0.907] ,
 fs(1)h [-0.439] ,
 brm [-0.001] ,
 mor [-0.269] ,
 osa [-0.381] ,
 Act5C [0.000] ,
 Bap111 [-0.060] ,
 e(y)3 [-0.363] ,
 BAP170 [-0.627] ,
 Kis [-0.259]"
dme-miR-1010-5p	dme-mir-1010	33201.0	3R:22258729..22259678	0.875	0.6485486683997209	0.7432642234268512	0.3416889557126638	PRC1, PRC2, PhoRC	Scm [-0.076]	COMPASS-SET1, COMPASS-TRX, COMPASS-TRR	Ash2 [-0.681]
dme-miR-1011-3p	dme-mir-1011	22530.0	3R:20830429..20830828	0.93	0.3155985820204221	0.9330866319301063	0.5646085013615467	PRC1, PRC2, PhoRC, dRAF	"Su(z)2 [-0.063] ,
 Scm [-0.212] ,
 Escl [-0.832]"	BAP	osa [-0.016]
dme-miR-1013-3p	dme-mir-1013	5833.0	3R:30797529..30798528	0.82	0.16321325878562032	0.02970911895029709	0.02034609020251626	PhoRC, dRAF, PR-DUB	"Pho [-0.859] ,
 dSfmbt [-0.280] ,
 Kdm2 [-0.643] ,
 Asx [-0.044] ,
 Calypso [-0.263]"	TAC1, COMPASS-SET1, COMPASS-TRX, COMPASS-TRR, BAP, PBAP	"trx [-0.286] ,
 nej [-0.493] ,
 Ash2 [-0.973] ,
 Hcf [-0.020] ,
 Mnn1 [-0.284] ,
 brm [-0.607] ,
 mor [-0.000] ,
 Bap60 [-0.002]"
dme-miR-1014-3p	dme-mir-1014	39363.0	3R:31712679..31714228	0.82	0.006217757008213589	0.5692228393309546	0.7310413828448432	PRC1, PRC2, PhoRC, dRAF	"Pc [-0.053] ,
 Su(z)2 [-0.370] ,
 Ph-p [-0.086] ,
 Ph-d [-0.129] ,
 Pcl [-0.342] ,
 Jarid2 [-0.133] ,
 Jing [-0.041] ,
 Pho [-0.411]"	TAC1, COMPASS-SET1, COMPASS-TRX, ASH1	"Sbf [-0.320] ,
 Hcf [-0.018] ,
 Mnn1 [-0.511] ,
 Ash1 [-0.432]"
dme-miR-1016-5p	dme-mir-1016	13392.0	2R:14218996..14219795	0.84	0.018324712189438926	0.15536535279944327	0.04999328478765918	PRC1, PRC2, PhoRC, dRAF, PR-DUB	"Su(z)2 [-0.188] ,
 Sce [-0.005] ,
 Scm [-0.069] ,
 Su(z)12 [-0.428] ,
 Jing [-0.081] ,
 Asx [-0.094]"	COMPASS-SET1, COMPASS-TRX, COMPASS-TRR, BAP, PBAP	"Ash2 [-0.703] ,
 Mnn1 [-0.127] ,
 brm [-0.000] ,
 osa [-0.075] ,
 BAP170 [-0.005]"
dme-miR-12-5p	dme-mir-12	5045.0	X:15514518..15514590	0.855	0.3071608827024481	0.42909593443925337	0.3677921199961146	PRC1, PRC2, dRAF	"Sce [-0.031] ,
 Escl [-0.507]"	TAC1, COMPASS-TRX	"trx [-0.243] ,
 nej [-0.088]"
dme-miR-125-3p	dme-mir-125	3615.0	2L:18468151..18468700	0.805	0.8052274712919052	0.3346032284100557	0.48006846416931914	PRC1	Pc [-0.347]	COMPASS-SET1, COMPASS-TRX, BAP, PBAP	"Hcf [-0.364] ,
 brm [-0.000] ,
 Bap111 [-0.395]"
dme-miR-133-5p	dme-mir-133	8717.0	2L:20607780..20607900	0.83	0.09062831475002203	0.04922034287097309	0.0658532598007655	PRC2, dRAF, PR-DUB	"Jing [-0.101] ,
 Kdm2 [-0.003] ,
 Asx [-0.475]"	TAC1, COMPASS-TRX, ASH1, KIS	"nej [-0.308] ,
 Mnn1 [-0.169] ,
 fs(1)h [-0.171] ,
 Kis [-0.501]"
dme-miR-137-3p	dme-mir-137	1586.0	2R:16066930..16067395	0.805	0.02260126088979089	0.5970374703008906	0.2367992788719207	PRC1, PRC2, PhoRC, dRAF, PR-DUB	"Pc [-0.577] ,
 Su(z)2 [-0.435] ,
 Su(z)12 [-0.463] ,
 Jing [-0.133] ,
 Pho [-0.001] ,
 Asx [-0.180]"	TAC1, ASH1, BAP, PBAP	"nej [-0.133] ,
 fs(1)h [-0.205] ,
 mor [-0.530]"
dme-miR-184-5p	dme-mir-184	5806.0	2R:13322346..13323695	0.865	0.3477011277783943	0.20997193065743594	0.08163961579933231	PRC1, PRC2, dRAF	"Psc [-0.239] ,
 Jarid2 [-0.245]"	TAC1, COMPASS-TRX, ASH1, BAP, PBAP	"trx [-0.146] ,
 fs(1)h [-0.034] ,
 Act5C [-0.004]"
dme-miR-193-5p	dme-mir-193	70337.0	3L:21644351..21645350	0.8	0.36410449678368767	0.021715293338318932	0.4073677484894581	PhoRC, dRAF	"Pho [-1.033] ,
 Kdm2 [-0.202]"	TAC1, COMPASS-SET1, COMPASS-TRX, BAP, PBAP	"trx [-0.284] ,
 Hcf [-0.004] ,
 Snr1 [-0.533] ,
 Bap111 [-0.649] ,
 e(y)3 [-0.191]"
dme-miR-210-5p	dme-mir-210	1952.0	X:18125718..18126267	0.835	0.6333666516413	0.0038807637658697567	0.005875156040519299	PRC2, PR-DUB	"Su(z)12 [-0.758] ,
 Asx [-3.526]"	TAC1, COMPASS-TRX, ASH1, BAP, PBAP, KIS	"trx [-0.921] ,
 nej [-1.609] ,
 Mnn1 [-1.025] ,
 fs(1)h [-3.397] ,
 osa [-1.166] ,
 Act5C [-0.439] ,
 e(y)3 [-0.932] ,
 Kis [-1.474]"
dme-miR-219-3p	dme-mir-219	13856.0	3L:17300151..17301150	0.835	0.04178945125793373	0.2721699422015611	0.2743323060034823	PRC2	"Pcl [-0.388] ,
 Jarid2 [-0.045] ,
 Jing [-0.226]"	COMPASS-TRR, ASH1	"Trr [-0.190] ,
 fs(1)h [-0.154]"
dme-miR-2279-5p	dme-mir-2279	1663114.0	2R:4215396..4216495	0.9	0.000531901222653355	0.0017747195737657687	0.0019429805624203921	PRC1, PRC2, PhoRC, dRAF, PR-DUB	"Pc [-1.695] ,
 Psc [-0.254] ,
 Su(z)2 [-1.865] ,
 Ph-d [-0.135] ,
 Sce [-1.214] ,
 Scm [-1.451] ,
 Su(z)12 [-0.287] ,
 Escl [-1.654] ,
 Jarid2 [-1.177] ,
 Jing [-0.187] ,
 Pho [-0.012] ,
 dSfmbt [-0.003] ,
 Kdm2 [-1.446] ,
 Asx [-0.264]"	TAC1, COMPASS-SET1, COMPASS-TRX, COMPASS-TRR, ASH1, BAP, PBAP, KIS	"trx [-0.402] ,
 nej [-1.264] ,
 Wds [-0.147] ,
 Hcf [-0.054] ,
 Mnn1 [-3.868] ,
 Trr [-0.231] ,
 Ash1 [-0.907] ,
 fs(1)h [-0.439] ,
 brm [-0.001] ,
 mor [-0.269] ,
 osa [-0.381] ,
 Act5C [0.000] ,
 Bap111 [-0.060] ,
 e(y)3 [-0.363] ,
 BAP170 [-0.627] ,
 Kis [-0.259]"
dme-miR-2280-3p	dme-mir-2280	47002.0	2L:1878801..1879300	0.8	0.0496881264548184	0.07483615210936864	0.006054159400104427	PRC1, PRC2, dRAF, PR-DUB	"Pc [-0.334] ,
 Psc [-0.340] ,
 Ph-p [-0.433] ,
 Esc [-0.709] ,
 Pcl [-0.089] ,
 Jing [-0.453] ,
 Asx [-0.056]"	TAC1, COMPASS-SET1, COMPASS-TRX, COMPASS-TRR, ASH1, BAP, PBAP, KIS	"nej [-0.945] ,
 Rbbp5 [-0.227] ,
 Trr [-0.128] ,
 fs(1)h [-0.064] ,
 brm [-0.005] ,
 mor [-0.589] ,
 osa [-0.905] ,
 Kis [-0.206]"
dme-miR-2280-5p	dme-mir-2280	47002.0	2L:1878801..1879300	0.8	0.2383357733197376	0.11849451409354793	0.317264139807532	PRC1, PRC2	"Pc [-0.250] ,
 Jarid2 [-0.082]"	TAC1, COMPASS-TRX, COMPASS-TRR	"trx [-0.287] ,
 Mnn1 [-0.260] ,
 Trr [-0.063]"
dme-miR-2281-3p	dme-mir-2281	2978.0	3R:14399479..14400028	0.81	0.3702953874544839	0.081599680489508	0.41158575419165166	PRC1, PRC2	"Pc [-0.142] ,
 Jarid2 [-0.349]"	TAC1, COMPASS-TRX, PBAP	"trx [-0.063] ,
 nej [-0.212] ,
 e(y)3 [-0.095] ,
 BAP170 [-0.007]"
dme-miR-2281-5p	dme-mir-2281	2978.0	3R:14399479..14400028	0.81	0.5996242080624702	0.10617777019305152	0.5637266216382533	PRC1, PRC2	"Pc [-0.751] ,
 Jarid2 [-1.573]"	TAC1, COMPASS-SET1, COMPASS-TRX, BAP, PBAP	"trx [-0.608] ,
 nej [-0.078] ,
 Hcf [-0.007] ,
 Act5C [-0.178] ,
 BAP170 [-0.004]"
dme-miR-2283-5p	dme-mir-2283	7146.0	3R:9509229..9510378	0.845	6.57418488421223e-05	1.24552759425778e-05	0.0016088509034264985	PRC1, PRC2, PhoRC, dRAF, PR-DUB	"Pc [-1.977] ,
 Su(z)2 [-2.011] ,
 Ph-p [-0.193] ,
 Sce [-0.041] ,
 Scm [-0.689] ,
 E(z) [-0.582] ,
 Su(z)12 [-0.319] ,
 Escl [-2.533] ,
 Jing [-0.206] ,
 Pho [-0.009] ,
 Phol [-0.176] ,
 dSfmbt [-1.220] ,
 Kdm2 [-0.541] ,
 Asx [-0.227] ,
 Calypso [-0.021]"	TAC1, COMPASS-SET1, COMPASS-TRX, COMPASS-TRR, ASH1, BAP, PBAP, KIS	"trx [-0.230] ,
 nej [-0.266] ,
 Sbf [-0.694] ,
 dSET1 [-0.384] ,
 Rbbp5 [-0.314] ,
 Wds [-0.394] ,
 Hcf [-0.496] ,
 Cfp1 [-0.059] ,
 Mnn1 [-0.998] ,
 Trr [-0.136] ,
 Ash1 [-0.285] ,
 fs(1)h [-0.606] ,
 brm [-0.000] ,
 mor [-0.383] ,
 osa [-0.090] ,
 Bap111 [-1.056] ,
 e(y)3 [-0.001] ,
 BAP170 [-0.001] ,
 Kis [-0.197]"
dme-miR-2489-5p	dme-mir-2489	29824.0	2L:13579651..13580150	0.85	0.5767512724916658	0.093054713390506	0.5484936493832094	PRC2, PhoRC	"Escl [-0.557] ,
 dSfmbt [-0.005]"	COMPASS-SET1, COMPASS-TRX, COMPASS-TRR, BAP, PBAP	"dSET1 [-0.199] ,
 Wds [-0.084] ,
 Mnn1 [-0.270] ,
 mor [-0.000] ,
 Bap111 [-0.940]"
dme-miR-2490-3p	dme-mir-2490	324235.0	2L:22844419..22844590	0.845	0.2974035435286887	0.7667681143191025	0.3608392309271399	PhoRC, dRAF	"Phol [-0.264] ,
 Kdm2 [-0.519]"	ASH1	fs(1)h [-0.049]
dme-miR-2491-5p	dme-mir-2491	246269.0	X:22586540..22587314	0.805	0.007123649443897779	0.20755137437025858	0.16056470602338674	PRC1, PRC2, PhoRC, dRAF, PR-DUB	"Pc [-0.081] ,
 Su(z)2 [-1.805] ,
 Su(z)12 [-1.073] ,
 Jing [-0.222] ,
 Pho [-0.181] ,
 Asx [-0.583]"	TAC1, COMPASS-TRX, PBAP, KIS	"trx [-1.370] ,
 nej [-1.802] ,
 e(y)3 [-0.170] ,
 Kis [-1.632]"
dme-miR-2492-3p	dme-mir-2492	1755.0	X:11544818..11545667	0.865	0.23670167901931016	0.048075976396405005	0.12370461460474778	PRC1, PRC2, PhoRC, dRAF, PR-DUB	"Pc [-0.731] ,
 Su(z)2 [-1.821] ,
 Pcl [-0.136] ,
 Jing [-0.216] ,
 Pho [-0.000] ,
 Phol [-1.962] ,
 Asx [-0.277]"	TAC1, COMPASS-SET1, COMPASS-TRX, COMPASS-TRR, ASH1, BAP, PBAP, KIS	"trx [-0.204] ,
 nej [-0.885] ,
 dSET1 [-0.354] ,
 Wds [-0.267] ,
 Mnn1 [-0.692] ,
 fs(1)h [-2.206] ,
 osa [-0.382] ,
 Act5C [-0.384] ,
 e(y)3 [-0.000] ,
 BAP170 [-0.009] ,
 Kis [-0.918]"
dme-miR-2493-3p	dme-mir-2493	0.0	3R:15130479..15131328	0.835	0.3499702019680029	0.21205160902359677	0.3976828425661426	PRC1, dRAF	"Su(z)2 [-1.363] ,
 Sce [-0.817]"	COMPASS-TRX, ASH1, BAP, PBAP	"Mnn1 [-0.302] ,
 fs(1)h [-0.566] ,
 Act5C [-0.477]"
dme-miR-2496-5p	dme-mir-2496	0.0	X:2009918..2010967	0.815	0.0658391706244723	0.1223833906469678	0.32117261169052175	PRC1, PRC2, PhoRC	"Scm [-0.259] ,
 Su(z)12 [-0.051] ,
 dSfmbt [-0.002]"	COMPASS-SET1, COMPASS-TRX, COMPASS-TRR, ASH1, BAP, PBAP	"Wds [-0.072] ,
 fs(1)h [-0.062] ,
 Act5C [-0.267]"
dme-miR-2497-3p	dme-mir-2497	6740.0	2L:16670951..16671500	0.845	0.8310831888145228	0.38252226503016207	0.508847318106021	PRC1	Pc [-0.541]	COMPASS-SET1, COMPASS-TRX, BAP	"Hcf [-0.001] ,
 Mnn1 [-0.619] ,
 osa [-0.034]"
dme-miR-2497-5p	dme-mir-2497	6740.0	2L:16670951..16671500	0.845	0.38038485342127626	0.2405902153357516	0.012220505088642978	PRC1, PRC2	"Pc [-0.049] ,
 Su(z)12 [-0.076]"	ASH1, BAP, PBAP, KIS	"Ash1 [-0.232] ,
 brm [-0.349] ,
 Kis [-0.180]"
dme-miR-2499-3p	dme-mir-2499	6491.0	X:19549968..19550517	0.84	0.48156316799985904	0.574383429483614	0.23099128944083688	PhoRC	Pho [-0.002]	ASH1	fs(1)h [-0.052]
dme-miR-2500-3p	dme-mir-2500	13077.0	3L:17011601..17012450	0.845	0.013508976797593494	0.06474577292666653	0.14496861627887211	PRC1, PRC2, PhoRC, dRAF	"Pc [-0.123] ,
 Psc [-0.186] ,
 Ph-d [-0.161] ,
 Scm [-2.330] ,
 Su(z)12 [-0.659] ,
 Pcl [-0.165] ,
 Jing [-0.134] ,
 Pho [-0.812]"	TAC1, COMPASS-SET1, COMPASS-TRX, COMPASS-TRR, ASH1, BAP, PBAP, KIS	"trx [-0.105] ,
 nej [-0.997] ,
 Sbf [-0.069] ,
 Rbbp5 [-0.614] ,
 fs(1)h [-0.381] ,
 Act5C [-0.983] ,
 BAP170 [-0.006] ,
 Kis [-0.235]"
dme-miR-2501-3p	dme-mir-2501	1137.0	3L:8109551..8109970	0.875	0.5818008835843838	0.000647557994536789	0.04280839380190985	PRC1	Pc [-0.161]	TAC1, COMPASS-SET1, COMPASS-TRX, BAP, PBAP, KIS	"nej [-0.041] ,
 Hcf [-0.000] ,
 osa [-0.184] ,
 Bap60 [-0.190] ,
 Act5C [-0.144] ,
 Kis [-0.049]"
dme-miR-2501-5p	dme-mir-2501	1137.0	3L:8109551..8109970	0.875	0.3473391298522164	0.3439460513674974	0.7250096394352408	PRC2, PhoRC, PR-DUB	"Su(z)12 [-0.323] ,
 Esc [-1.025] ,
 dSfmbt [-0.001] ,
 Asx [-0.159]"	COMPASS-SET1, COMPASS-TRX, BAP, PBAP	"dSET1 [-0.209] ,
 Mnn1 [-0.501] ,
 osa [-0.057] ,
 Act5C [-0.163] ,
 Bap111 [-0.034]"
dme-miR-252-5p	dme-mir-252	833.0	3R:13463350..13463478	0.855	0.06380029226837568	0.1566531114346463	0.007432820453455326	PRC1, PRC2, dRAF, PR-DUB	"Pc [-0.095] ,
 Su(z)2 [-0.064] ,
 Ph-p [-0.332] ,
 Su(z)12 [-0.334] ,
 Asx [-0.194]"	ASH1, BAP, PBAP, KIS	"fs(1)h [-0.042] ,
 brm [0.000] ,
 osa [-0.479] ,
 e(y)3 [-0.180] ,
 Kis [-0.057]"
dme-miR-263b-3p	dme-mir-263b	12556.0	3L:15856051..15856600	0.885	0.38094380824864116	0.08698355928089485	0.012259514062128279	PRC1, PhoRC, dRAF	"Psc [-0.265] ,
 Pho [-0.001]"	ASH1, BAP, PBAP, KIS	"fs(1)h [-0.675] ,
 mor [-0.323] ,
 e(y)3 [-0.104] ,
 Kis [-0.070]"
dme-miR-274-3p	dme-mir-274	22833.0	3L:11679751..11680700	0.895	0.24283777135199916	0.13823126129741994	0.40466883559586625	PRC1, PRC2, PhoRC, PR-DUB	"Ph-p [-0.314] ,
 Pcl [-0.444] ,
 Pho [-0.002] ,
 dSfmbt [-0.666] ,
 Asx [-0.098]"	TAC1, COMPASS-SET1, COMPASS-TRX, COMPASS-TRR, ASH1, BAP, PBAP	"nej [-0.259] ,
 Wds [-0.114] ,
 Hcf [-0.001] ,
 Mnn1 [-0.295] ,
 fs(1)h [-0.061] ,
 osa [-0.045] ,
 Bap60 [-0.904]"
dme-miR-274-5p	dme-mir-274	22833.0	3L:11679751..11680700	0.895	0.405358478465534	0.5433488646586664	0.4352411719210827	PRC2, PhoRC	"Pcl [-0.264] ,
 Phol [-0.188]"	ASH1, PBAP	"fs(1)h [-0.038] ,
 e(y)3 [-0.088]"
dme-miR-277-3p	dme-mir-277	9057.0	3R:10109079..10109828	0.9	0.39139765865530374	0.39383576823001654	0.3682172786146898	PRC2, PhoRC, PR-DUB	"Escl [-0.178] ,
 Jing [-0.743] ,
 Pho [-0.001] ,
 Calypso [-1.068]"	TAC1, COMPASS-SET1, ASH1, BAP, PBAP	"Sbf [-0.014] ,
 Cfp1 [-0.015] ,
 Ash1 [-0.213] ,
 fs(1)h [-0.227] ,
 Bap55 [-0.008]"
dme-miR-279-5p	dme-mir-279	4244.0	3R:29219829..29220378	0.83	0.7778356950952056	0.03623497058718389	0.10957448815863988	PRC2	Jing [-0.150]	COMPASS-SET1, COMPASS-TRX, ASH1, BAP, PBAP	"Hcf [-0.020] ,
 fs(1)h [-0.738] ,
 osa [-0.040] ,
 Bap60 [-0.468] ,
 Act5C [-0.583]"
dme-miR-280-5p	dme-mir-280	3440.0	2R:8301546..8302095	0.855	0.2957705201863024	0.3795963880830591	0.2675927677963561	PRC1, PRC2, PhoRC, dRAF, PR-DUB	"Su(z)2 [-0.709] ,
 Scm [-0.139] ,
 Jing [-0.068] ,
 Phol [-0.220] ,
 Asx [-0.841] ,
 Calypso [-0.281]"	TAC1, COMPASS-SET1, COMPASS-TRX, ASH1, BAP, PBAP	"trx [-0.312] ,
 nej [-1.247] ,
 dSET1 [-0.889] ,
 Cfp1 [-0.002] ,
 Ash1 [-0.158] ,
 osa [-0.462] ,
 Act5C [-0.000]"
dme-miR-283-3p	dme-mir-283	6562.0	X:15514518..15514590	0.855	0.29574161451775277	0.455986064494435	0.5509134743036095	PRC1, PRC2, PhoRC	"Pc [-0.335] ,
 Scm [-0.203] ,
 Pho [-0.022]"	COMPASS-SET1, COMPASS-TRX, BAP, PBAP	"Hcf [-0.012] ,
 osa [-0.070] ,
 Bap55 [-0.830]"
dme-miR-283-5p	dme-mir-283	6562.0	X:15514518..15514590	0.855	0.17698819001924163	0.3286615916291257	0.6118374811733784	PRC1, PRC2, PhoRC, dRAF	"Su(z)2 [-0.136] ,
 Jing [-0.016] ,
 Pho [-0.068] ,
 dSfmbt [-0.003]"	TAC1, COMPASS-SET1, COMPASS-TRX, BAP, PBAP	"trx [-0.924] ,
 Hcf [-0.026] ,
 Act5C [-0.000] ,
 BAP170 [-0.001]"
dme-miR-288-3p	dme-mir-288	10562.0	2L:20607780..20607900	0.83	0.05965787314507684	0.5958461151247161	0.46723984232030275	PRC1, PRC2, PhoRC, dRAF	"Su(z)2 [-0.235] ,
 Ph-d [-0.296] ,
 Scm [-0.760] ,
 Jing [-0.035]"	COMPASS-SET1, COMPASS-TRX, BAP	"Hcf [-0.013] ,
 osa [-0.311]"
dme-miR-289-5p	dme-mir-289	2329.0	3L:13623151..13623700	0.835	0.00015919359780682552	0.0028386628817358953	0.08684563842009212	PRC1, PRC2, PhoRC, dRAF, PR-DUB	"Pc [-2.046] ,
 Psc [-0.160] ,
 Su(z)2 [-1.605] ,
 Ph-p [-0.134] ,
 Ph-d [-0.108] ,
 Sce [-0.785] ,
 Scm [-1.068] ,
 Su(z)12 [-0.080] ,
 Escl [-2.322] ,
 Jarid2 [-0.818] ,
 Jing [-0.068] ,
 Pho [-0.010] ,
 dSfmbt [-0.005] ,
 Kdm2 [-1.050] ,
 Asx [-0.620]"	TAC1, COMPASS-SET1, COMPASS-TRX, COMPASS-TRR, ASH1, BAP, PBAP	"trx [-0.075] ,
 nej [-0.403] ,
 Sbf [-0.521] ,
 dSET1 [-1.334] ,
 Wds [-0.216] ,
 Hcf [-0.531] ,
 Cfp1 [-0.092] ,
 Mnn1 [-3.006] ,
 Ash1 [-0.563] ,
 fs(1)h [-0.070] ,
 mor [-0.576] ,
 osa [-0.103] ,
 Bap60 [-0.976] ,
 Bap111 [-0.872] ,
 e(y)3 [-0.277] ,
 BAP170 [-0.004]"
dme-miR-2a-1-5p	dme-mir-2a-1	1479.0	2L:19571451..19572350	0.82	0.39041932842574156	0.2502708998519991	0.09554983581353703	PhoRC, dRAF	"Pho [-0.287] ,
 Kdm2 [-0.230]"	TAC1, COMPASS-SET1, COMPASS-TRX, COMPASS-TRR, KIS	"Sbf [-0.421] ,
 Ash2 [-0.024] ,
 Kis [-0.470]"
dme-miR-2a-2-5p	dme-mir-2a-2	1890.0	2L:19571451..19572350	0.82	0.5621100860995246	0.658283644654268	0.2811921992312543	PRC2	Esc [-0.439]	KIS	Kis [-0.256]
dme-miR-3-5p	dme-mir-3	2018.0	2R:19658896..19659645	0.845	0.013215887396637196	0.35119912807751014	0.32203849738654783	PRC2, PhoRC, PR-DUB	"Su(z)12 [-0.133] ,
 Jing [-0.123] ,
 Pho [-0.002] ,
 Asx [-0.441]"	ASH1, BAP, PBAP	"fs(1)h [-0.123] ,
 Snr1 [-1.159]"
dme-miR-303-3p	dme-mir-303	35281.0	X:4329580..4330967	0.805	0.2601494854029599	0.026520875466322476	0.035408803005653154	PRC1, PRC2, PhoRC, PR-DUB	"Ph-p [-0.461] ,
 Pcl [-0.043] ,
 Pho [-0.266] ,
 dSfmbt [-0.001] ,
 Asx [-0.070]"	TAC1, COMPASS-SET1, COMPASS-TRX, COMPASS-TRR, ASH1, BAP, KIS	"trx [-0.510] ,
 Sbf [-0.472] ,
 Wds [-0.047] ,
 Hcf [-0.016] ,
 Cfp1 [-0.006] ,
 Mnn1 [-0.840] ,
 fs(1)h [-0.093] ,
 osa [-0.151] ,
 Kis [-0.064]"
dme-miR-303-5p	dme-mir-303	35281.0	X:4329580..4330967	0.805	0.8000197363278023	0.6076043497284584	0.12235279336185936	PRC1	Ph-d [-0.065]	COMPASS-SET1, COMPASS-TRX, COMPASS-TRR, BAP, PBAP	"Ash2 [-0.540] ,
 brm [-0.001]"
dme-miR-309-5p	dme-mir-309	2129.0	2R:19658896..19659645	0.845	0.7217872748740113	0.21570331163383055	0.40040847529417256	PhoRC	Pho [-0.001]	ASH1, PBAP	"fs(1)h [-0.030] ,
 e(y)3 [-0.083] ,
 BAP170 [-0.039]"
dme-miR-314-5p	dme-mir-314	7612.0	3L:11764651..11765400	0.88	0.6961063922506159	0.3610854598377358	0.23797845269472287	PRC1, PRC2, dRAF	"Su(z)2 [-0.044] ,
 Jing [-0.164]"	COMPASS-SET1, COMPASS-TRX, BAP, PBAP	"Hcf [-0.297] ,
 Cfp1 [-0.005] ,
 mor [-0.001] ,
 osa [-0.136]"
dme-miR-315-3p	dme-mir-315	6071.0	3L:18854151..18854900	0.805	0.604009284016628	0.7449873310284042	0.18455747571581696	PRC1, PRC2, PhoRC, dRAF	"Su(z)2 [-1.785] ,
 Scm [-0.148]"	BAP, PBAP	"brm [-0.000] ,
 osa [-0.041]"
dme-miR-315-5p	dme-mir-315	6071.0	3L:18854151..18854900	0.805	0.19728777436456024	0.6192782609412095	0.8331563526157241	PRC1, PRC2, dRAF, PR-DUB	"Su(z)2 [-0.392] ,
 Ph-p [-0.235] ,
 Su(z)12 [-0.820] ,
 Pcl [-0.182] ,
 Jing [-0.280] ,
 Asx [-0.184]"	TAC1, COMPASS-SET1, COMPASS-TRX, BAP, PBAP	"nej [-0.669] ,
 Hcf [-0.012] ,
 Mnn1 [-0.551] ,
 brm [-0.000] ,
 Act5C [-0.018]"
dme-miR-318-5p	dme-mir-318	11727.0	3R:10420029..10421678	0.855	0.18104884425345166	0.6431846937934886	0.2715723512294928	PRC1, PRC2, PhoRC, dRAF	"Sce [-0.020] ,
 Scm [-0.035]"	ASH1	fs(1)h [-0.023]
dme-miR-33-3p	dme-mir-33	45811.0	3L:19751651..19752150	0.82	0.48046441066984213	0.009791715532904298	0.0006057496896164156	PRC1, PRC2, dRAF	"Pc [-0.329] ,
 Psc [-0.236] ,
 Escl [-0.323] ,
 Pcl [-0.254]"	COMPASS-SET1, COMPASS-TRX, COMPASS-TRR, ASH1, BAP, PBAP, KIS	"Wds [-0.062] ,
 Cfp1 [-0.006] ,
 Ash1 [-0.087] ,
 fs(1)h [-0.416] ,
 brm [-0.000] ,
 mor [-0.302] ,
 osa [-0.373] ,
 Act5C [-0.243] ,
 e(y)3 [-0.674] ,
 Kis [-0.259]"
dme-miR-33-5p	dme-mir-33	45811.0	3L:19751651..19752150	0.82	0.0006712795243933832	0.05555832788636232	0.08440669494102199	PRC1, PRC2, PhoRC, dRAF, PR-DUB	"Pc [-0.400] ,
 Scm [-0.071] ,
 Jarid2 [-0.316] ,
 Jing [-0.404] ,
 Pho [-0.002] ,
 Phol [-0.037] ,
 dSfmbt [-0.232] ,
 Kdm2 [-0.230] ,
 Asx [-0.090]"	TAC1, COMPASS-SET1, COMPASS-TRX, BAP, PBAP, KIS	"trx [-0.148] ,
 Sbf [-0.024] ,
 dSET1 [-0.295] ,
 osa [-0.046] ,
 Act5C [-0.029] ,
 BAP170 [-0.001] ,
 Kis [-0.282]"
dme-miR-3641-5p	dme-mir-3641	3119.0	X:2167418..2167967	0.805	0.1376438368796994	0.23791468368725335	0.4165367838682146	PRC1, dRAF, PR-DUB	"Pc [-0.581] ,
 Su(z)2 [-0.082] ,
 Calypso [-0.298]"	COMPASS-SET1, COMPASS-TRX, BAP, PBAP	"Hcf [-0.002] ,
 osa [-0.062] ,
 Act5C [-0.009]"
dme-miR-3642-5p	dme-mir-3642	27005.0	3L:11601651..11602500	0.8	0.09211073043164479	0.7672553414550369	0.3612500686345409	PRC1, PR-DUB	"Pc [-0.189] ,
 Asx [-0.201] ,
 Calypso [-0.141]"	BAP	osa [-0.062]
dme-miR-3643-3p	dme-mir-3643	25936.0	2R:17792396..17793345	0.815	0.5883935686648973	0.31221376615653157	0.2987630612586157	PRC2	Escl [-0.345]	COMPASS-SET1, COMPASS-TRX, BAP	"Hcf [-0.387] ,
 osa [-0.052]"
dme-miR-3644-3p	dme-mir-3644	55563.0	3R:15247920..15248678	0.815	0.002700483159161253	0.1207187751414026	0.6798192419077654	PRC1, PRC2, PhoRC	"Ph-p [-0.398] ,
 Scm [-0.375] ,
 Su(z)12 [-0.067] ,
 Escl [-0.408] ,
 Pcl [-0.535] ,
 Jarid2 [-0.831] ,
 Jing [-0.129] ,
 dSfmbt [-0.004]"	TAC1, COMPASS-SET1, COMPASS-TRX, COMPASS-TRR, ASH1, BAP, PBAP	"Sbf [-0.016] ,
 Hcf [-0.008] ,
 Cfp1 [-0.010] ,
 Trr [-0.876] ,
 Ash1 [-0.162] ,
 Bap111 [-0.779]"
dme-miR-3645-3p	dme-mir-3645	11116.0	X:5610368..5611300	0.8	0.28886801143538704	0.2241384395218309	0.546062423192266	PRC1, PRC2, PhoRC	"Pc [-0.063] ,
 Esc [-0.581] ,
 Pho [-0.001]"	TAC1, COMPASS-SET1, COMPASS-TRX, ASH1, BAP, PBAP	"nej [-0.040] ,
 Hcf [-0.594] ,
 fs(1)h [-0.097] ,
 Bap60 [-0.375]"
dme-miR-3645-5p	dme-mir-3645	11116.0	X:5610368..5611300	0.8	0.2870634094602593	0.757828484643277	0.3534045091560982	PRC1, PR-DUB	"Pc [-0.274] ,
 Calypso [-0.195]"	BAP	osa [-0.062]
dme-miR-375-3p	dme-mir-375	4942.0	2L:852051..852600	0.82	0.16814232620249564	0.01869091733453401	0.2150282469241299	PRC1, PRC2, dRAF, PR-DUB	"Su(z)2 [-0.557] ,
 Ph-d [-0.192] ,
 Jing [-0.287] ,
 Asx [-0.409]"	TAC1, COMPASS-SET1, COMPASS-TRX, COMPASS-TRR, ASH1, BAP, PBAP	"nej [-0.478] ,
 Rbbp5 [-0.204] ,
 Hcf [-0.005] ,
 Trr [-0.020] ,
 Ash1 [-0.352] ,
 fs(1)h [-0.436] ,
 Act5C [-0.000]"
dme-miR-4-3p	dme-mir-4	1724.0	2R:19658896..19659645	0.845	0.8672283268387486	0.727359557258315	0.5539222922457282	PRC2	Jing [-0.040]	COMPASS-SET1, COMPASS-TRX, BAP, PBAP	"Hcf [-0.326] ,
 brm [-0.325]"
dme-miR-4-5p	dme-mir-4	1724.0	2R:19658896..19659645	0.845	0.11506753078853686	0.25607949214828707	0.6793700821776332	PRC1, PRC2, PhoRC, dRAF	"Pc [-0.378] ,
 Su(z)2 [-0.143] ,
 Scm [-0.373] ,
 Pho [-0.568] ,
 Phol [-0.238]"	TAC1, COMPASS-SET1, COMPASS-TRX, COMPASS-TRR, BAP, PBAP	"nej [-0.155] ,
 Hcf [-0.008] ,
 Trr [-0.085] ,
 brm [-0.256] ,
 BAP170 [-0.015]"
dme-miR-4909-3p	dme-mir-4909	11029.0	2R:7722446..7723395	0.805	0.0012801250668056407	0.5312544852456382	0.4463608653045567	PRC1, PRC2, PhoRC, dRAF, PR-DUB	"Pc [-0.625] ,
 Psc [-0.213] ,
 Su(z)2 [-0.463] ,
 Scm [-0.477] ,
 E(z) [-0.589] ,
 Su(z)12 [-0.125] ,
 Pcl [-0.106] ,
 dSfmbt [-0.160] ,
 Kdm2 [-0.513] ,
 Asx [-0.230]"	TAC1, COMPASS-SET1, COMPASS-TRX, COMPASS-TRR, ASH1, BAP, PBAP	"trx [-0.084] ,
 Wds [-0.059] ,
 Mnn1 [-0.134] ,
 fs(1)h [-0.112] ,
 Bap60 [-0.234]"
dme-miR-4910-5p	dme-mir-4910	870.0	2L:4818751..4819250	0.81	0.006977631195465978	0.3785158201905745	0.2670469394483273	PRC1, PRC2, PhoRC, dRAF, PR-DUB	"Pc [-0.299] ,
 Psc [-0.079] ,
 Su(z)2 [-0.555] ,
 Scm [-1.677] ,
 E(z) [-0.947] ,
 Su(z)12 [-0.079] ,
 Pcl [-0.394] ,
 dSfmbt [-0.001] ,
 Kdm2 [-0.105] ,
 Asx [-0.118]"	TAC1, COMPASS-TRX, ASH1, BAP, PBAP	"nej [-0.783] ,
 Mnn1 [-1.030] ,
 Ash1 [-0.192] ,
 fs(1)h [-1.189] ,
 mor [-0.001] ,
 Bap60 [-0.363] ,
 Act5C [-0.338]"
dme-miR-4911-3p	dme-mir-4911	15225.0	3R:15851579..15852328	0.82	0.002712820856261899	0.061251468757649426	0.8345469718017536	PRC1, PRC2, PhoRC, dRAF	"Pc [-0.109] ,
 Psc [-0.446] ,
 Su(z)2 [-0.725] ,
 Ph-p [-0.615] ,
 Scm [-0.155] ,
 Escl [-0.313] ,
 Pcl [-0.459] ,
 Jing [-0.012] ,
 Pho [-0.394] ,
 dSfmbt [-0.004]"	TAC1, COMPASS-SET1, COMPASS-TRX, COMPASS-TRR, ASH1, BAP, PBAP	"nej [-0.304] ,
 Wds [-0.969] ,
 Hcf [-0.004] ,
 Mnn1 [-0.237] ,
 fs(1)h [-1.407] ,
 Act5C [-0.722] ,
 Bap111 [-0.026] ,
 e(y)3 [-0.090] ,
 BAP170 [-0.002]"
dme-miR-4913-3p	dme-mir-4913	18210.0	3L:8372451..8373650	0.805	0.6217183699235398	0.35119912807751014	0.32203849738654783	PhoRC	Phol [-0.587]	COMPASS-SET1, COMPASS-TRX, ASH1	"Hcf [-0.184] ,
 Ash1 [-0.398]"
dme-miR-4916-3p	dme-mir-4916	11950.0	X:9248468..9248967	0.805	0.3865754332126787	0.10100670704694266	0.11727089057539908	PRC1, PRC2, PhoRC, dRAF	"Ph-p [-0.034] ,
 Scm [-0.603] ,
 Jing [-0.561] ,
 Kdm2 [-0.041]"	TAC1, COMPASS-SET1, COMPASS-TRX, COMPASS-TRR, BAP, PBAP	"trx [-0.686] ,
 nej [-0.013] ,
 Ash2 [-0.927] ,
 Hcf [-0.014] ,
 Mnn1 [-0.782] ,
 osa [-0.162] ,
 BAP170 [-0.001]"
dme-miR-4917-3p	dme-mir-4917	2873.0	X:14202418..14202967	0.89	0.5551182566479568	0.275881037650989	0.2766252742364271	PRC1, dRAF	Psc [-0.162]	COMPASS-SET1, ASH1	"Cfp1 [-0.003] ,
 Ash1 [-0.173]"
dme-miR-4941-3p	dme-mir-4941	1789.0	3L:16028451..16029400	0.91	0.4366339979903674	0.16651696235258115	0.019927397616941536	PRC1	Ph-d [-0.102]	ASH1	"Ash1 [-0.134] ,
 fs(1)h [-0.105]"
dme-miR-4943-5p	dme-mir-4943	4310.0	2L:16532801..16533300	0.855	0.06166339361651869	0.34355673796419867	0.06758138842267528	PRC1, PRC2, PhoRC, dRAF, PR-DUB	"Psc [-0.305] ,
 Su(z)2 [-2.147] ,
 Scm [-0.710] ,
 E(z) [-0.471] ,
 Su(z)12 [-0.088] ,
 Esc [-0.031] ,
 Escl [-0.374] ,
 Pcl [-0.328] ,
 Jing [-0.215] ,
 Pho [-0.428] ,
 Phol [-0.402] ,
 dSfmbt [-0.393] ,
 Kdm2 [-0.043] ,
 Asx [-0.078] ,
 Calypso [-0.147]"	TAC1, COMPASS-SET1, COMPASS-TRX, COMPASS-TRR, ASH1, BAP, PBAP, KIS	"trx [-0.546] ,
 nej [-1.317] ,
 Wds [-0.023] ,
 Hcf [-1.052] ,
 Ash1 [-0.002] ,
 fs(1)h [-0.506] ,
 brm [-0.220] ,
 mor [-0.222] ,
 osa [-0.278] ,
 Bap60 [-0.238] ,
 Act5C [-0.000] ,
 Snr1 [-0.900] ,
 Bap111 [-0.420] ,
 e(y)3 [-0.032] ,
 BAP170 [-0.015] ,
 Kis [-0.059]"
dme-miR-4944-3p	dme-mir-4944	3896.0	3R:10517029..10517828	0.84	0.21735220964583246	0.19990941409672464	0.06215345792193011	PRC1, PRC2, PhoRC	"Pc [-0.245] ,
 Escl [-0.365] ,
 Jing [-0.106] ,
 dSfmbt [-0.312]"	TAC1, COMPASS-TRX, COMPASS-TRR, BAP, PBAP	"trx [-0.410] ,
 nej [-0.113] ,
 Trr [-0.031] ,
 brm [-0.000] ,
 osa [-0.315]"
dme-miR-4944-5p	dme-mir-4944	3896.0	3R:10517029..10517828	0.84	0.5097065798095554	0.0618972052658894	0.023970158456531807	PRC2	"Pcl [-0.216] ,
 Jing [-0.011]"	TAC1, COMPASS-SET1, COMPASS-TRX, COMPASS-TRR, ASH1, KIS	"nej [-0.067] ,
 Ash2 [-1.831] ,
 Mnn1 [-0.517] ,
 fs(1)h [-0.164] ,
 Kis [-1.531]"
dme-miR-4945-5p	dme-mir-4945	28623.0	3R:11470929..11471478	0.835	0.19519774275810609	0.355901654044933	0.23538533663022773	PRC1, PRC2, PhoRC, dRAF, PR-DUB	"Pc [-0.613] ,
 Su(z)2 [-0.507] ,
 Scm [-0.315] ,
 Asx [-0.158]"	TAC1, COMPASS-SET1, COMPASS-TRX, COMPASS-TRR, ASH1, KIS	"nej [-0.432] ,
 Wds [-0.056] ,
 fs(1)h [-0.442] ,
 Kis [-0.538]"
dme-miR-4946-5p	dme-mir-4946	211.0	2L:18866001..18866950	0.82	0.41116282896923106	0.15946031728731166	0.8473191173307968	PRC1, PRC2, PhoRC, dRAF, PR-DUB	"Su(z)2 [-0.865] ,
 Scm [-0.247] ,
 E(z) [-1.067] ,
 Jing [-0.256] ,
 Asx [-0.576]"	TAC1, COMPASS-SET1, COMPASS-TRX, COMPASS-TRR, ASH1, BAP, PBAP	"nej [-0.198] ,
 Rbbp5 [-0.125] ,
 Hcf [-0.427] ,
 Cfp1 [-0.001] ,
 Mnn1 [-0.293] ,
 fs(1)h [-0.668] ,
 Act5C [-0.480] ,
 e(y)3 [-0.178]"
dme-miR-4953-3p	dme-mir-4953	43662.0	3R:22729729..22730478	0.895	0.1054277971511699	0.13915259545989617	0.022216293972811604	PRC1, PRC2, PhoRC, dRAF, PR-DUB	"Su(z)2 [-0.593] ,
 Scm [-0.843] ,
 Su(z)12 [-0.056] ,
 Escl [-0.304] ,
 Pcl [-0.283] ,
 Jing [-0.143] ,
 Pho [-2.377] ,
 dSfmbt [-0.254] ,
 Asx [-0.128] ,
 Calypso [-0.302]"	TAC1, COMPASS-SET1, COMPASS-TRX, COMPASS-TRR, ASH1, BAP, PBAP, KIS	"trx [-1.158] ,
 nej [-1.549] ,
 dSET1 [-1.134] ,
 Wds [-0.464] ,
 Hcf [-0.375] ,
 Mnn1 [-0.078] ,
 Ash1 [-0.002] ,
 fs(1)h [-1.847] ,
 mor [-0.429] ,
 osa [-0.361] ,
 BAP170 [-0.428] ,
 Kis [-0.135]"
dme-miR-4955-3p	dme-mir-4955	210.0	X:2545118..2546117	0.825	0.11432504838108916	0.5372533943645115	0.21095784995964922	PhoRC, dRAF	"Phol [-0.443] ,
 Kdm2 [-0.396]"	ASH1	Ash1 [-0.119]
dme-miR-4958-5p	dme-mir-4958	1962.0	X:16083018..16083567	0.825	0.5717234655222513	0.09118209626003555	0.2875435036031728	PhoRC	dSfmbt [-0.285]	ASH1, BAP, PBAP	"fs(1)h [-0.026] ,
 Act5C [-0.000] ,
 Bap111 [-0.510]"
dme-miR-4961-3p	dme-mir-4961	1806.0	X:1371268..1371817	0.825	0.13831751006747073	0.35771885782939716	0.25655207648732364	PRC1, PRC2, dRAF, PR-DUB	"Pc [-1.084] ,
 Su(z)2 [-0.930] ,
 Su(z)12 [-0.108] ,
 Pcl [-0.170] ,
 Jarid2 [-0.297] ,
 Jing [-0.094] ,
 Asx [-0.220]"	TAC1, COMPASS-SET1, COMPASS-TRX, ASH1, BAP, PBAP, KIS	"Sbf [-0.062] ,
 Hcf [-0.006] ,
 Mnn1 [-0.150] ,
 fs(1)h [-0.086] ,
 osa [-0.363] ,
 Act5C [-0.005] ,
 Kis [-0.177]"
dme-miR-4963-3p	dme-mir-4963	5915.0	X:5796668..5797667	0.81	0.3173306932189112	0.743787959635229	0.18388102651829863	PRC1, dRAF, PR-DUB	"Pc [-1.099] ,
 Su(z)2 [-0.227] ,
 Asx [-0.275]"	ASH1, KIS	"fs(1)h [-0.038] ,
 Kis [-0.141]"
dme-miR-4963-5p	dme-mir-4963	5915.0	X:5796668..5797667	0.81	0.8923432300078211	0.29107983159608797	0.5897927195436399	PRC1	Pc [-0.187]	COMPASS-SET1, COMPASS-TRX, BAP, PBAP	"Hcf [-0.005] ,
 Mnn1 [-0.114] ,
 osa [-0.193] ,
 Act5C [-0.169]"
dme-miR-4966-3p	dme-mir-4966	7853.0	X:19549968..19550517	0.84	0.7345783944162306	0.02284855084013789	0.41158575419165166	PRC2	Jing [-0.013]	COMPASS-SET1, COMPASS-TRX, COMPASS-TRR, BAP, PBAP	"Rbbp5 [-0.161] ,
 Dpy-30L1 [-0.698] ,
 Mnn1 [-0.088] ,
 mor [-0.000] ,
 e(y)3 [-0.079]"
dme-miR-4967-5p	dme-mir-4967	12697.0	2R:10024896..10026395	0.87	0.45347533944387725	0.06250958443460491	0.14262492843010088	PRC1, PRC2, PhoRC, dRAF	"Pc [-0.628] ,
 Su(z)2 [-0.078] ,
 Jing [-0.066] ,
 Pho [-0.002]"	TAC1, COMPASS-SET1, COMPASS-TRX, ASH1, BAP, PBAP	"Sbf [-0.019] ,
 dSET1 [-0.778] ,
 Mnn1 [-0.677] ,
 fs(1)h [-0.116] ,
 brm [-0.209] ,
 osa [-0.459] ,
 Act5C [-0.578] ,
 BAP170 [-0.001]"
dme-miR-4969-5p	dme-mir-4969	758.0	3R:21799429..21800278	0.9	0.07532727216116035	0.35914285558021986	0.494971627351579	PRC1, PRC2, PhoRC	"Pc [-0.929] ,
 Scm [-0.404] ,
 Jarid2 [-0.325] ,
 Phol [-0.216]"	TAC1, COMPASS-SET1, COMPASS-TRX, COMPASS-TRR	"Sbf [-0.022] ,
 Ash2 [-1.206] ,
 Trr [-0.031]"
dme-miR-4970-5p	dme-mir-4970	42266.0	2L:10784151..10784700	0.81	0.43486816903103864	0.16511409643713226	0.2040133554740385	PRC1	Ph-p [-0.530]	COMPASS-SET1, COMPASS-TRX, BAP, PBAP	"Hcf [-0.003] ,
 brm [-0.395]"
dme-miR-4973-3p	dme-mir-4973	0.0	2L:20561351..20562400	0.9	0.1909930864849239	0.656164900621363	0.27982477829373503	PRC2, PR-DUB	"Pcl [-0.145] ,
 Asx [-0.036]"	BAP	osa [-0.065]
dme-miR-4973-5p	dme-mir-4973	0.0	2L:20561351..20562400	0.9	0.47252781413452594	0.19644856831253596	0.22566064722526466	PR-DUB	Asx [-0.368]	ASH1, BAP, PBAP	"fs(1)h [-0.123] ,
 Act5C [-0.000]"
dme-miR-4974-3p	dme-mir-4974	42033.0	2L:21221301..21221900	0.85	0.028448616712478524	0.15733943068519957	0.6972668982868414	PRC1, PRC2, PhoRC, dRAF, PR-DUB	"Pc [-0.519] ,
 Ph-p [-0.797] ,
 Scm [-0.270] ,
 Su(z)12 [-0.070] ,
 Pcl [-0.593] ,
 Jarid2 [-0.152] ,
 Pho [-1.149] ,
 dSfmbt [-1.411] ,
 Kdm2 [-0.243] ,
 Asx [-0.083]"	TAC1, COMPASS-SET1, COMPASS-TRX, COMPASS-TRR, ASH1, PBAP	"trx [-0.162] ,
 nej [-0.160] ,
 Sbf [-0.036] ,
 dSET1 [-0.331] ,
 Rbbp5 [-0.464] ,
 Hcf [-0.011] ,
 Mnn1 [-0.093] ,
 Trr [-0.477] ,
 fs(1)h [-0.159] ,
 BAP170 [-0.006]"
dme-miR-4975-5p	dme-mir-4975	53178.0	2R:6653546..6654095	0.915	0.0029378154226682904	0.12654901338298113	0.08055297647771859	PRC1, PRC2, PhoRC, dRAF	"Ph-p [-0.402] ,
 Ph-d [-0.047] ,
 Sce [-0.030] ,
 Su(z)12 [-0.106] ,
 Esc [-0.967] ,
 Pcl [-0.017] ,
 Jing [-0.355] ,
 Pho [-0.006]"	TAC1, COMPASS-SET1, COMPASS-TRX, COMPASS-TRR, ASH1, BAP, PBAP	"nej [-0.338] ,
 Hcf [-0.246] ,
 Trr [-0.045] ,
 fs(1)h [-0.170] ,
 brm [-0.005] ,
 mor [-0.563]"
dme-miR-4977-3p	dme-mir-4977	11459.0	2R:7418296..7418945	0.82	0.5676282580398344	0.08888558513002284	0.039917133303242425	PRC1	Pc [-0.660]	TAC1, COMPASS-TRX, BAP, PBAP	"trx [-0.050] ,
 osa [-0.038] ,
 Act5C [-0.433]"
dme-miR-4977-5p	dme-mir-4977	11459.0	2R:7418296..7418945	0.82	0.0679671482375753	0.05649558609547373	0.5823658198372212	PRC1, PRC2, PhoRC, dRAF	"Pc [-0.390] ,
 Psc [-0.449] ,
 Scm [-0.558] ,
 Escl [-0.389] ,
 Jarid2 [-0.177] ,
 Jing [-0.060] ,
 Pho [-0.007] ,
 dSfmbt [-0.000]"	TAC1, COMPASS-SET1, COMPASS-TRX, COMPASS-TRR, ASH1, BAP, PBAP	"trx [-0.078] ,
 nej [-0.334] ,
 Sbf [-0.267] ,
 Wds [-1.011] ,
 Hcf [-0.009] ,
 Mnn1 [-0.226] ,
 fs(1)h [-1.334] ,
 Act5C [-0.439] ,
 e(y)3 [-0.568] ,
 BAP170 [-0.003]"
dme-miR-4979-3p	dme-mir-4979	19987.0	2R:23754128..23754827	0.815	0.07107290229969529	0.628796124847309	0.4879060529877967	PRC1, PhoRC, dRAF, PR-DUB	"Ph-d [-0.305] ,
 dSfmbt [-0.112] ,
 Kdm2 [-0.311] ,
 Asx [-0.188]"	COMPASS-SET1, COMPASS-TRX, ASH1	"Hcf [-0.261] ,
 Ash1 [-0.313]"
dme-miR-4979-5p	dme-mir-4979	19987.0	2R:23754128..23754827	0.815	0.0719138749013553	0.008672815971523109	0.09158594410309857	PRC1, PRC2, PhoRC, dRAF	"Psc [-0.515] ,
 Su(z)2 [-0.595] ,
 Sce [-1.098] ,
 Scm [-0.282] ,
 Pcl [-0.083] ,
 Jing [-0.248] ,
 Pho [-0.002] ,
 dSfmbt [-0.322]"	TAC1, COMPASS-SET1, COMPASS-TRX, COMPASS-TRR, ASH1, BAP, PBAP, KIS	"nej [-1.662] ,
 Sbf [-0.216] ,
 dSET1 [-0.977] ,
 Wds [-0.046] ,
 Hcf [-0.467] ,
 Mnn1 [-1.050] ,
 Ash1 [-0.317] ,
 fs(1)h [-0.941] ,
 osa [-0.783] ,
 e(y)3 [0.000] ,
 BAP170 [-0.001] ,
 Kis [-0.401]"
dme-miR-4982-3p	dme-mir-4982	1674.0	2R:18717196..18718495	0.84	0.6150200580858279	0.11849451409354793	0.317264139807532	PRC2	Su(z)12 [-0.061]	ASH1, BAP, PBAP	"fs(1)h [-0.302] ,
 Bap60 [-0.417] ,
 Act5C [-0.601]"
dme-miR-4982-5p	dme-mir-4982	1674.0	2R:18717196..18718495	0.84	0.07824599904783379	0.3695749639234168	0.24222995516775084	PRC1, PRC2, PhoRC, PR-DUB	"Pc [-0.216] ,
 Scm [-0.141] ,
 Pho [-0.399] ,
 dSfmbt [-0.244] ,
 Asx [-0.056]"	TAC1, COMPASS-TRX, COMPASS-TRR, BAP, PBAP	"trx [-0.119] ,
 Trr [-0.086] ,
 mor [-0.542] ,
 Act5C [-0.183]"
dme-miR-4983-3p	dme-mir-4983	5969.0	2R:19630446..19631445	0.84	0.015241273833816677	0.29503363525336795	0.31093658256778905	PRC1, PRC2, dRAF	"Pc [-0.180] ,
 Su(z)2 [-0.282] ,
 Ph-p [-0.146] ,
 Ph-d [-0.312] ,
 Escl [-0.810] ,
 Jing [-0.101] ,
 Kdm2 [-0.025]"	TAC1, COMPASS-SET1, COMPASS-TRX, COMPASS-TRR, KIS	"Sbf [-0.039] ,
 Ash2 [-0.693] ,
 Hcf [-0.021] ,
 Mnn1 [-0.235] ,
 Kis [-0.109]"
dme-miR-4984-3p	dme-mir-4984	30162.0	2L:8110901..8111500	0.815	0.11810216013724904	0.12374234138675487	0.29070809387036023	PRC2, PhoRC, PR-DUB	"Escl [-0.457] ,
 Jing [-0.161] ,
 Pho [-0.003] ,
 dSfmbt [-0.109] ,
 Calypso [-0.476]"	TAC1, COMPASS-SET1, COMPASS-TRX, COMPASS-TRR, ASH1	"trx [-0.153] ,
 Sbf [-0.032] ,
 Wds [-0.141] ,
 Hcf [-0.000] ,
 Mnn1 [-0.040] ,
 fs(1)h [-0.361]"
dme-miR-4985-5p	dme-mir-4985	554.0	2R:24292228..24293677	0.86	0.48946130502494106	0.35245133947615637	0.13220593751330806	PhoRC, PR-DUB	"Phol [-0.128] ,
 Asx [-0.418]"	COMPASS-SET1, COMPASS-TRX, ASH1, KIS	"Hcf [-0.000] ,
 fs(1)h [-0.063] ,
 Kis [-0.524]"
dme-miR-7-3p	dme-mir-7	2072.0	2R:20603446..20603995	0.955	0.0545777345598019	0.03003120791794375	0.01257611638930871	PRC1, PRC2, PhoRC, dRAF	"Pc [-1.021] ,
 Psc [-0.182] ,
 Ph-d [-0.065] ,
 Sce [-0.034] ,
 Scm [-1.974] ,
 Esc [-0.070] ,
 Escl [-1.255] ,
 Pcl [-0.429] ,
 Jing [-0.059] ,
 Pho [-1.196]"	TAC1, COMPASS-SET1, COMPASS-TRX, COMPASS-TRR, ASH1, BAP, PBAP, KIS	"trx [-0.093] ,
 nej [-1.255] ,
 Wds [-0.144] ,
 Hcf [-0.011] ,
 Cfp1 [-0.012] ,
 Mnn1 [-1.658] ,
 Ash1 [-0.422] ,
 fs(1)h [-0.264] ,
 brm [-0.623] ,
 mor [-0.310] ,
 Act5C [-0.524] ,
 e(y)3 [-0.125] ,
 Kis [-0.151]"
dme-miR-8-3p	dme-mir-8	24614.0	2R:16856046..16857445	0.81	0.0853287495745314	0.38529895029059663	0.1446058322306639	PRC1, PRC2, dRAF, PR-DUB	"Sce [-0.903] ,
 Pcl [-0.408] ,
 Jing [-0.018] ,
 Calypso [-0.213]"	TAC1, COMPASS-TRX, ASH1, PBAP	"trx [-0.106] ,
 fs(1)h [-0.076] ,
 e(y)3 [-0.509]"
dme-miR-8-5p	dme-mir-8	24614.0	2R:16856046..16857445	0.81	0.00033569154062616015	0.28851172029475003	0.4509051463566165	PRC1, PRC2, PhoRC, dRAF, PR-DUB	"Psc [-0.175] ,
 Esc [-0.437] ,
 Jarid2 [-0.182] ,
 Pho [-0.074] ,
 dSfmbt [-0.274] ,
 Kdm2 [-0.336] ,
 Asx [-0.142]"	COMPASS-SET1, COMPASS-TRX, ASH1, PBAP	"Hcf [-0.000] ,
 Ash1 [-0.507] ,
 BAP170 [-0.047]"
dme-miR-929-5p	dme-mir-929	5491.0	3R:4289329..4289878	0.83	0.8672283268387486	0.727359557258315	0.17491378575782127	PRC2	Esc [-0.453]	ASH1, BAP, PBAP	"Ash1 [-0.345] ,
 brm [-0.484]"
dme-miR-9369-3p	dme-mir-9369	801.0	X:19549968..19550517	0.84	0.4114967637643211	0.031155055133232086	0.22406510310582753	PRC1, PRC2, dRAF	"Pc [-0.083] ,
 Psc [-0.090] ,
 Su(z)12 [-0.111] ,
 Escl [-0.300] ,
 Pcl [-0.153]"	TAC1, COMPASS-SET1, COMPASS-TRX, COMPASS-TRR, ASH1, BAP, PBAP	"trx [-0.165] ,
 dSET1 [-0.370] ,
 Rbbp5 [-0.416] ,
 Hcf [-0.435] ,
 Ash1 [-0.288] ,
 osa [-0.050] ,
 Act5C [-0.019] ,
 Bap55 [-0.618] ,
 Bap111 [-0.061] ,
 e(y)3 [-0.000]"
dme-miR-9370-5p	dme-mir-9370	23634.0	X:11686068..11686667	0.8	0.009654712666065764	0.2411061997969751	0.17781728504257582	PRC1, PRC2, PhoRC, dRAF, PR-DUB	"Psc [-0.133] ,
 Su(z)2 [-0.110] ,
 Jarid2 [-0.083] ,
 Pho [-0.002] ,
 Asx [-0.168] ,
 Calypso [-0.015]"	TAC1, COMPASS-TRX, ASH1, BAP	"nej [-0.071] ,
 Mnn1 [-0.345] ,
 fs(1)h [-0.227] ,
 osa [-0.006]"
dme-miR-9371-3p	dme-mir-9371	7642.0	3R:9980979..9981478	0.8	0.06998872704567356	0.34648820048307993	0.23068088527907563	PRC1, PRC2, PhoRC, PR-DUB	"Ph-p [-0.452] ,
 Pcl [-0.302] ,
 Jing [-0.019] ,
 dSfmbt [-0.009] ,
 Calypso [-0.019]"	COMPASS-SET1, COMPASS-TRX, ASH1, BAP, PBAP	"Hcf [-0.006] ,
 Mnn1 [-0.326] ,
 Ash1 [-0.366] ,
 brm [-0.000]"
dme-miR-9372-5p	dme-mir-9372	18217.0	X:651968..652967	0.88	0.8471533273781703	0.9130481230459093	0.5280907984118668	PRC2	Esc [-0.093]	BAP, PBAP	mor [-0.000]
dme-miR-9373-5p	dme-mir-9373	34891.0	3R:19656029..19656978	0.905	0.00709466672686618	0.003749333295921255	0.35742126499359567	PRC1, PRC2, PhoRC, dRAF, PR-DUB	"Su(z)2 [-1.483] ,
 Su(z)12 [-0.053] ,
 Esc [-1.118] ,
 Jing [-0.329] ,
 Pho [-0.002] ,
 Phol [-0.359] ,
 dSfmbt [-0.205] ,
 Asx [-0.191]"	TAC1, COMPASS-SET1, COMPASS-TRX, COMPASS-TRR, ASH1, BAP, PBAP, KIS	"nej [-0.535] ,
 Sbf [-0.104] ,
 Wds [-0.505] ,
 Hcf [-0.275] ,
 Mnn1 [-0.527] ,
 fs(1)h [-1.098] ,
 Act5C [-0.391] ,
 e(y)3 [-0.455] ,
 Polybromo [-0.741] ,
 Kis [-0.142]"
dme-miR-9379-5p	dme-mir-9379	25906.0	2R:13826146..13826995	0.86	0.014705589736435737	0.7289888522155629	0.3306443445977934	PRC1, PRC2, PhoRC	"Ph-d [-0.241] ,
 Scm [-0.143] ,
 Su(z)12 [-0.167] ,
 Jing [-0.267]"	KIS	Kis [-0.078]
dme-miR-9383-3p	dme-mir-9383	26125.0	3R:15247920..15248678	0.815	0.02611779812147835	0.5787104565475717	0.233403674710513	PRC1, PRC2	"Pc [-0.121] ,
 Ph-p [-0.276] ,
 Su(z)12 [-0.044]"	KIS	Kis [-0.196]
dme-miR-9384-3p	dme-mir-9384	0.0	3R:4748529..4749078	0.88	0.017294076134527846	0.06819423855349656	0.3217854696435064	PRC1, PRC2, PhoRC, dRAF	"Su(z)2 [-3.392] ,
 Sce [-0.811] ,
 Scm [-0.154] ,
 Pcl [-0.172] ,
 Jarid2 [-0.603] ,
 Jing [-0.058] ,
 dSfmbt [-1.039]"	TAC1, COMPASS-SET1, COMPASS-TRX, COMPASS-TRR, ASH1, BAP, PBAP	"trx [-0.071] ,
 nej [-1.342] ,
 Wds [-0.907] ,
 Mnn1 [-1.206] ,
 fs(1)h [-0.881] ,
 Act5C [-1.277] ,
 e(y)3 [-1.468]"
dme-miR-9388-5p	dme-mir-9388	35.0	3L:22945151..22945950	0.805	0.28190522939869395	0.3623632901599895	0.5659012769008138	PRC1, PRC2, PhoRC, dRAF, PR-DUB	"Pc [-0.999] ,
 Su(z)2 [-0.858] ,
 Pcl [-0.271] ,
 Pho [-0.297] ,
 dSfmbt [-0.165] ,
 Asx [-0.683]"	TAC1, COMPASS-SET1, COMPASS-TRX, BAP, PBAP, KIS	"Sbf [-0.075] ,
 Hcf [-0.031] ,
 Mnn1 [-0.232] ,
 osa [-0.572] ,
 Act5C [-0.018] ,
 e(y)3 [-0.206] ,
 Kis [-0.233]"
dme-miR-954-3p	dme-mir-954	56652.0	4:568975..569474	0.8	0.7341467794700677	0.005160271358431401	0.411203387680697	PRC1	Ph-p [-0.039]	TAC1, COMPASS-TRX, BAP, PBAP	"trx [-0.064] ,
 Sbf [-0.270] ,
 Mnn1 [-0.168] ,
 Act5C [-0.010] ,
 Bap55 [-0.568] ,
 BAP170 [-0.289]"
dme-miR-956-5p	dme-mir-956	8478.0	3L:11764651..11765400	0.88	0.20213861850515544	0.001208998470276955	0.12077791173090846	PRC1, PRC2, PhoRC, dRAF, PR-DUB	"Su(z)2 [-0.881] ,
 Jing [-0.126] ,
 Pho [-0.004] ,
 Phol [-0.412] ,
 Asx [-0.504]"	TAC1, COMPASS-SET1, COMPASS-TRX, COMPASS-TRR, ASH1, BAP, PBAP, KIS	"nej [-0.107] ,
 Sbf [-0.075] ,
 Wds [-0.700] ,
 Mnn1 [-0.582] ,
 fs(1)h [-1.841] ,
 osa [-0.224] ,
 Act5C [-0.175] ,
 Bap111 [-0.128] ,
 e(y)3 [-0.172] ,
 Polybromo [-0.409] ,
 Kis [-0.261]"
dme-miR-957-5p	dme-mir-957	5660.0	3L:22523951..22525000	0.84	0.03316512820427321	0.024082067516539213	0.05738989210684581	PRC1, PRC2, PhoRC, PR-DUB	"Ph-p [-0.520] ,
 Ph-d [-0.075] ,
 Pcl [-0.117] ,
 Jarid2 [-0.191] ,
 Jing [-0.076] ,
 Pho [-0.549] ,
 dSfmbt [-0.001] ,
 Asx [-0.163]"	TAC1, COMPASS-SET1, COMPASS-TRX, COMPASS-TRR, ASH1, BAP, KIS	"trx [-0.419] ,
 nej [-0.056] ,
 Sbf [-0.078] ,
 Wds [-0.143] ,
 Hcf [-0.015] ,
 Cfp1 [-0.009] ,
 Mnn1 [-1.002] ,
 fs(1)h [-0.123] ,
 osa [-0.500] ,
 Kis [-0.080]"
dme-miR-959-3p	dme-mir-959	12061.0	2L:5653001..5653900	0.82	0.6519119481320899	0.38883307221226565	0.3442149473954793	PhoRC	dSfmbt [-0.034]	BAP, PBAP	"osa [-0.020] ,
 Act5C [-0.224]"
dme-miR-960-5p	dme-mir-960	11938.0	2L:5653001..5653900	0.82	0.30543985178204347	0.42700677717715446	0.36656997057056984	PRC1, PRC2, dRAF	"Sce [-0.031] ,
 Escl [-0.507]"	TAC1, COMPASS-TRX	"trx [-0.243] ,
 nej [-0.088]"
dme-miR-961-3p	dme-mir-961	11810.0	2L:5653001..5653900	0.82	0.2546409843567084	0.14791899651528229	0.41387918026598064	PRC1, PRC2, PhoRC, PR-DUB	"Ph-p [-0.314] ,
 Pcl [-0.444] ,
 Pho [-0.002] ,
 dSfmbt [-0.666] ,
 Asx [-0.098]"	TAC1, COMPASS-SET1, COMPASS-TRX, COMPASS-TRR, ASH1, BAP, PBAP	"nej [-0.259] ,
 Wds [-0.114] ,
 Hcf [-0.001] ,
 Mnn1 [-0.295] ,
 fs(1)h [-0.061] ,
 osa [-0.045] ,
 Bap60 [-0.904]"
dme-miR-963-3p	dme-mir-963	11011.0	2L:5653001..5653900	0.82	0.22695501196310922	0.6987387850396873	0.308508075773651	PRC2	"Esc [-0.057] ,
 Jarid2 [-0.220]"	ASH1	Ash1 [-0.271]
dme-miR-964-3p	dme-mir-964	10899.0	2L:5653001..5653900	0.82	0.2940713792761539	0.02012904356388172	0.0158890287356211	PRC1, PRC2, PhoRC	"Pc [-0.565] ,
 Su(z)12 [-0.206] ,
 Escl [-1.852] ,
 Pho [-1.716]"	TAC1, COMPASS-TRX, ASH1, BAP, PBAP	"trx [-0.047] ,
 nej [-0.188] ,
 Mnn1 [-0.221] ,
 fs(1)h [-0.206] ,
 brm [-0.227] ,
 mor [-0.000] ,
 e(y)3 [-0.157] ,
 BAP170 [-0.003]"
dme-miR-964-5p	dme-mir-964	10899.0	2L:5653001..5653900	0.82	0.09159780895714223	0.40081131290143207	0.1505938144429449	PRC2, PhoRC, dRAF	"Su(z)12 [-0.449] ,
 Escl [-0.682] ,
 Pho [-0.001] ,
 Kdm2 [-0.397]"	TAC1, COMPASS-SET1, COMPASS-TRX, ASH1	"trx [-0.586] ,
 Hcf [-0.009] ,
 fs(1)h [-0.059]"
dme-miR-966-5p	dme-mir-966	8238.0	2L:6053951..6054900	0.84	0.4075594878549551	0.030601356739903527	0.10143004518366576	PRC2	"Pcl [-0.404] ,
 Jing [-0.098]"	ASH1, BAP, PBAP	"fs(1)h [-0.075] ,
 osa [-0.010] ,
 Bap60 [-0.558] ,
 Act5C [-0.262] ,
 e(y)3 [-0.082]"
dme-miR-967-3p	dme-mir-967	0.0	2L:12459801..12460650	0.81	0.08648515032053607	0.20241833874855927	0.645790566936115	PRC1, PRC2, PhoRC, dRAF	"Psc [-0.084] ,
 Su(z)2 [-0.787] ,
 Su(z)12 [-0.036] ,
 Jing [-0.229] ,
 Pho [-0.007]"	TAC1, COMPASS-SET1, COMPASS-TRX, COMPASS-TRR, ASH1, BAP, PBAP	"Sbf [-0.030] ,
 Wds [-0.342] ,
 Mnn1 [-0.308] ,
 fs(1)h [-0.021] ,
 Bap111 [-0.043]"
dme-miR-968-3p	dme-mir-968	7939.0	2L:13738751..13739900	0.87	0.5463835251377979	0.20003674633276367	0.15664394961006883	PRC1, PhoRC	"Ph-p [-0.113] ,
 Phol [-0.567]"	TAC1, COMPASS-SET1, COMPASS-TRX, COMPASS-TRR, ASH1, BAP, PBAP	"trx [-0.052] ,
 Wds [-0.403] ,
 fs(1)h [-0.656] ,
 Act5C [-0.020]"
dme-miR-970-3p	dme-mir-970	14219.0	X:12621720..12622117	0.84	0.21281202089664406	0.30999426132777147	0.29742492958296773	PRC2, PhoRC	"Escl [-0.245] ,
 dSfmbt [-0.001]"	COMPASS-SET1, COMPASS-TRX, BAP	"Hcf [-0.011] ,
 osa [-0.062]"
dme-miR-972-3p	dme-mir-972	635.0	X:19549968..19550517	0.84	0.005965420562190312	0.6049224582889144	0.6328385861657913	PRC1, PRC2, PhoRC	"Pc [-0.653] ,
 Ph-p [-0.422] ,
 Scm [-0.180] ,
 Escl [-0.328] ,
 Jing [-0.102] ,
 Phol [-0.622] ,
 dSfmbt [-0.200]"	TAC1, COMPASS-TRX, BAP, PBAP	"trx [-1.072] ,
 nej [-0.042] ,
 Act5C [-0.108]"
dme-miR-972-5p	dme-mir-972	635.0	X:19549968..19550517	0.84	0.0008136417840830204	0.008587380913957525	0.25451090886346434	PRC1, PRC2, PhoRC, dRAF, PR-DUB	"Pc [-2.046] ,
 Psc [-0.160] ,
 Su(z)2 [-1.605] ,
 Ph-p [-0.134] ,
 Sce [-0.785] ,
 Scm [-1.068] ,
 Su(z)12 [-0.080] ,
 Escl [-2.322] ,
 Jarid2 [-0.818] ,
 Jing [-0.068] ,
 Pho [-0.010] ,
 dSfmbt [-0.005] ,
 Kdm2 [-1.050] ,
 Asx [-0.620]"	TAC1, COMPASS-SET1, COMPASS-TRX, COMPASS-TRR, ASH1, BAP, PBAP	"trx [-0.075] ,
 nej [-0.403] ,
 Sbf [-0.521] ,
 dSET1 [-1.334] ,
 Wds [-0.216] ,
 Hcf [-0.531] ,
 Cfp1 [-0.092] ,
 Mnn1 [-3.006] ,
 Ash1 [-0.563] ,
 fs(1)h [-0.070] ,
 mor [-0.576] ,
 Bap60 [-0.976] ,
 Bap111 [-0.872] ,
 e(y)3 [-0.277] ,
 BAP170 [-0.004]"
dme-miR-973-5p	dme-mir-973	1011.0	X:19549968..19550517	0.84	0.13103930011579223	0.819513500614301	0.4092882921535797	PRC2, PR-DUB	"Su(z)12 [-0.105] ,
 Pcl [-0.634] ,
 Asx [-1.533]"	ASH1	fs(1)h [-5.657]
dme-miR-974-3p	dme-mir-974	1161.0	X:19549968..19550517	0.84	0.1481316615923153	0.12712765825547748	0.19933766316756754	PRC1, PRC2, PhoRC, dRAF	"Psc [-0.145] ,
 Scm [-0.104] ,
 Pho [-0.002] ,
 dSfmbt [-0.468]"	TAC1, COMPASS-SET1, COMPASS-TRX, BAP, PBAP	"trx [-0.130] ,
 Cfp1 [-0.003] ,
 osa [-0.148] ,
 Bap111 [-0.023] ,
 BAP170 [-0.002]"
dme-miR-976-3p	dme-mir-976	8378.0	X:19549968..19550517	0.84	0.2914432786373334	0.4505926540411045	0.5478869134943709	PRC1, PRC2, dRAF	"Psc [-0.088] ,
 Ph-d [-0.127] ,
 Esc [-0.454]"	COMPASS-SET1, COMPASS-TRX, ASH1	"dSET1 [-0.254] ,
 Hcf [-0.299] ,
 fs(1)h [-0.134]"
dme-miR-977-5p	dme-mir-977	8505.0	X:19549968..19550517	0.84	0.7235857432429744	0.48736110483335127	0.4019611290641628	PRC1, dRAF	Su(z)2 [-0.065]	COMPASS-SET1, COMPASS-TRX, BAP, PBAP	"Hcf [-0.001] ,
 brm [-0.338]"
dme-miR-978-5p	dme-mir-978	10719.0	X:19549968..19550517	0.84	0.061085363024352565	0.335811818167674	0.3128983120476126	PhoRC	"Pho [-0.471] ,
 Phol [-0.237] ,
 dSfmbt [-0.311]"	TAC1, COMPASS-TRX, BAP, PBAP	"trx [-0.101] ,
 Bap55 [-0.009]"
dme-miR-980-5p	dme-mir-980	3802.0	X:276000..276467	0.825	0.18125856110267213	0.02944588679775268	0.09930722460169093	PRC1, PRC2, PhoRC, dRAF, PR-DUB	"Pc [-0.209] ,
 Psc [-0.006] ,
 Su(z)2 [-3.279] ,
 Scm [-0.532] ,
 Pcl [-0.269] ,
 Jing [-0.361] ,
 Asx [-0.235]"	TAC1, COMPASS-SET1, COMPASS-TRX, COMPASS-TRR, ASH1, BAP, PBAP	"trx [-0.326] ,
 nej [-1.096] ,
 dSET1 [-0.345] ,
 Wds [-0.226] ,
 Hcf [-0.006] ,
 Mnn1 [-0.336] ,
 fs(1)h [-0.392] ,
 brm [-0.001] ,
 osa [-0.131] ,
 Act5C [-0.022] ,
 e(y)3 [-0.164]"
dme-miR-982-3p	dme-mir-982	34931.0	X:4329580..4330967	0.805	0.009932702744233027	0.0998133215059999	0.43487228959912044	PRC1, PRC2, PhoRC	"Ph-p [-0.218] ,
 Esc [-0.982] ,
 Pcl [-0.030] ,
 Jing [-0.043] ,
 Pho [-0.004]"	TAC1, COMPASS-SET1, COMPASS-TRX, COMPASS-TRR, ASH1	"nej [-0.195] ,
 Rbbp5 [-0.184] ,
 Hcf [-0.002] ,
 fs(1)h [-0.011]"
dme-miR-983-3p	dme-mir-983-2	37614.0	X:4329580..4330967	0.805	0.7767404823500761	0.28851172029475003	0.0159431090709239	PRC1	Ph-d [-0.303]	COMPASS-SET1, COMPASS-TRX, COMPASS-TRR, BAP, PBAP	"Ash2 [-1.159] ,
 brm [-0.457] ,
 osa [-0.119]"
dme-miR-983-3p	dme-mir-983-2	37614.0	X:4329580..4330967	0.805	0.7767404823500761	0.28851172029475003	0.0159431090709239	PRC1	Ph-d [-0.303]	COMPASS-SET1, COMPASS-TRX, COMPASS-TRR, BAP, PBAP	"Ash2 [-1.159] ,
 brm [-0.457] ,
 osa [-0.119]"
dme-miR-985-3p	dme-mir-985	901.0	X:16192240..16192667	0.815	0.03749116263500325	0.45217575439891816	0.2159863309464935	PRC1, PRC2, PhoRC, dRAF, PR-DUB	"Scm [-0.173] ,
 Su(z)12 [-0.105] ,
 Esc [-0.787] ,
 Jing [-0.348] ,
 Pho [-0.875] ,
 dSfmbt [-0.002] ,
 Kdm2 [-0.064] ,
 Asx [-0.070]"	TAC1, COMPASS-SET1, COMPASS-TRX, COMPASS-TRR, BAP, PBAP	"trx [-0.096] ,
 nej [-0.307] ,
 Ash2 [-1.224] ,
 Trr [-0.201] ,
 brm [-0.000] ,
 Act5C [-0.000]"
dme-miR-987-5p	dme-mir-987	4171.0	2R:9308196..9308945	0.85	0.11723091305254686	0.04895047249540027	0.6816103801193897	PRC2, PhoRC	"Su(z)12 [-0.257] ,
 Escl [-0.566] ,
 Pcl [-0.267] ,
 Pho [-0.002] ,
 dSfmbt [-0.145]"	TAC1, COMPASS-SET1, COMPASS-TRX, COMPASS-TRR, BAP, PBAP	"nej [-0.111] ,
 Sbf [-0.030] ,
 dSET1 [-0.364] ,
 Mnn1 [-0.610] ,
 Trr [-0.053] ,
 brm [-0.393] ,
 Act5C [-0.000]"
dme-miR-988-5p	dme-mir-988	18425.0	2R:12140150..12140545	0.855	0.46457535538095374	0.13684023979851462	0.47455451344604527	PRC2, PR-DUB	"Jing [-0.082] ,
 Asx [-0.075]"	COMPASS-SET1, COMPASS-TRX, COMPASS-TRR, ASH1	"Rbbp5 [-0.163] ,
 Wds [-0.621] ,
 Hcf [-0.000] ,
 fs(1)h [-0.085]"
dme-miR-989-5p	dme-mir-989	27922.0	2R:14173446..14174895	0.865	0.44538479956977506	0.5353647087879242	0.2099690367052065	PRC2	Jing [-0.166]	BAP, PBAP	mor [-0.001]
dme-miR-991-3p	dme-mir-991	550.0	2R:20584196..20584745	0.82	0.052790142914606264	0.15158801206916298	0.7049469176202372	PRC1, PRC2, PhoRC, dRAF	"Su(z)2 [-0.057] ,
 Scm [-0.227] ,
 Su(z)12 [-0.298] ,
 Pho [-0.011] ,
 dSfmbt [-0.277] ,
 Kdm2 [-0.148]"	TAC1, COMPASS-SET1, COMPASS-TRX, COMPASS-TRR, BAP, PBAP	"Sbf [-0.911] ,
 Wds [-0.509] ,
 Hcf [-0.011] ,
 Mnn1 [-0.181] ,
 mor [-0.351] ,
 e(y)3 [-0.000]"
dme-miR-991-5p	dme-mir-991	550.0	2R:20584196..20584745	0.82	0.6144055649469325	0.7103695705006676	0.3168286520861501	PRC2	Pcl [-0.079]	BAP, PBAP	brm [-0.000]
dme-miR-992-3p	dme-mir-992	660.0	2R:20584196..20584745	0.82	0.30543985178204347	0.053108908166572905	0.36656997057056984	PhoRC, PR-DUB	"dSfmbt [-0.492] ,
 Asx [-0.283]"	TAC1, COMPASS-TRR, ASH1, PBAP	"nej [-0.046] ,
 Trr [-0.388] ,
 Ash1 [-0.227] ,
 BAP170 [-0.001]"
dme-miR-994-3p	dme-mir-994	11892.0	3R:10420029..10421678	0.855	0.0416095388885914	0.2535137803203494	0.4274502361882222	PRC1, PRC2, PhoRC, dRAF, PR-DUB	"Su(z)2 [-0.072] ,
 Scm [-0.154] ,
 Jarid2 [-0.068] ,
 Asx [-0.182]"	COMPASS-TRX, BAP, PBAP	"Mnn1 [-0.115] ,
 osa [-0.411] ,
 Bap60 [-0.315]"
dme-miR-999-3p	dme-mir-999	1098.0	3R:21799429..21800278	0.9	0.12829570419623548	0.22357884688216426	0.40621280166871837	PRC1, PRC2, PhoRC	"Scm [-0.501] ,
 Jing [-0.113] ,
 Pho [-0.191]"	TAC1, COMPASS-TRX, PBAP	"trx [-0.302] ,
 Mnn1 [-0.100] ,
 e(y)3 [-0.188]"
dme-miR-9b-3p	dme-mir-9b	5044.0	2L:16692901..16693700	0.86	0.4984057527802357	0.5922745375416473	0.24107886903427111	PRC1, dRAF	Psc [-0.258]	BAP, PBAP	mor [-0.362]
dme-miR-9c-3p	dme-mir-9c	4224.0	2L:16692901..16693700	0.86	0.23360831171716692	0.6547369523557389	0.5045885581483555	PRC1, PhoRC	"Pc [-0.089] ,
 Ph-p [-0.025] ,
 Pho [-0.002]"	BAP, PBAP	"mor [-0.000] ,
 Polybromo [-0.812]"
dme-miR-iab-8-3p	dme-mir-iab-8	1187.0	3R:16857529..16858178	0.805	0.7154046938061929	0.8048678241922479	0.39494637453298603	PRC1, PRC2, PhoRC	Scm [-0.103]	ASH1	fs(1)h [-0.053]
